{"characterPosition":{"x":23.978918075561525,"y":0.017599821090698243,"z":22.803890228271486}}