{"characterPosition":{"x":30.032270431518556,"y":15.34939956665039,"z":88.80838012695313}}